game_slug,user_slug,rating
tetris-99,scottpilgrim2021,10
one-piece-pirate-warriors-3-deluxe-edition,aubreyplaysathing,7
animal-crossing-new-horizons,hopefullyexisting,9
animal-crossing-new-horizons,scottpilgrim2021,6
animal-crossing-new-horizons,camerons410,8
clubhouse-games-51-worldwide-classics,justlukas,8
fire-emblem-engage,yadi12345,7
fire-emblem-engage,nanabells,6
super-smash-bros-ultimate,ninoish,9
super-smash-bros-ultimate,scottpilgrim2021,10
monopoly-for-nintendo-switch,shawndroid,5
hyrule-warriors-age-of-calamity,nanabells,7
ultra-street-fighter-ii-the-final-challengers,videofuljoe,6
fire-emblem-three-houses,nanabells,9
fire-emblem-three-houses,lordari,10
fire-emblem-three-houses,yadi12345,10
fire-emblem-three-houses,lovrize,8
pac-man-99,scottpilgrim2021,4
princess-peach-showtime,jignjorf,7
splatoon-3,4westwood,10
splatoon-3,skipatronic,10
ring-fit-adventure,justlukas,10
ring-fit-adventure,gatorbox,10
super-mario-bros-wonder,fl4shp01nt,9
super-mario-bros-wonder,danilocrimi,10
super-mario-bros-wonder,dariovaccaro,8
super-mario-bros-wonder,vlndk,9
super-mario-bros-wonder,yadi12345,9
cadence-of-hyrule-crypt-of-the-necrodancer-featuring-the-legend-of-zelda,scottpilgrim2021,10
arms,videofuljoe,9
arms,slowolfo,8
big-brain-academy-brain-vs-brain,amsandor,8
fire-emblem-warriors-three-hopes,nanabells,8
fire-emblem-warriors-three-hopes,yadi12345,7
astral-chain,dingledongle,8
astral-chain,nanabells,7
kirby-star-allies,yadi12345,7
splatoon-2,norli,7
splatoon-2,videofuljoe,9
super-mario-bros-35,kvazymode140300,1
super-mario-bros-35,scottpilgrim2021,10
kirby-and-the-forgotten-land,rabadakku,9
kirby-and-the-forgotten-land,yadi12345,10
super-mario-odyssey,cptncasual,10
super-mario-odyssey,scottpilgrim2021,10
super-mario-odyssey,videofuljoe,10
super-mario-odyssey,typhooncyclone,10
super-mario-odyssey,amsandor,8
super-mario-odyssey,nkay08,8
mortal-kombat-1--1,sutomativo,10
mortal-kombat-1--1,therowdywzrd,9
fatum-betula,gatorbox,7
trek-to-yomi,owen-lie,6
trek-to-yomi,oliv-211,7
risk-of-rain-2,larwick,5
risk-of-rain-2,graysongdl,10
risk-of-rain-2,yorendo,9
risk-of-rain-2,amsandor,10
risk-of-rain-2,nikonoim,9
a-good-snowman-is-hard-to-build,vizthex,8
the-jackbox-party-pack,shawndroid,8
paladins,systemnotfound,8
paladins,jokerlocco,7
paladins,sigkun,6
wylde-flowers,laladypanda,10
wylde-flowers,raidermomcathy,10
wylde-flowers,nanabells,8
alien-isolation,themediocritic,7
alien-isolation,jan-sablatura,1
alien-isolation,bundito,6
alien-isolation,ashmaxxy,9
alien-isolation,judgedredd35,8
sherlock-holmes-the-devils-daughter,alalearl,5
sherlock-holmes-the-devils-daughter,malachiwalker,9
sherlock-holmes-the-devils-daughter,abbievt,7
return-to-shironagasu-island,satpq,10
astalon-tears-of-the-earth,nkay08,7
little-nightmares,metlebeard,9
little-nightmares,tinfinity8,7
little-nightmares,tanonero,8
little-nightmares,pacoliyo420,8
batman-arkham-knight,alexiruiz666,10
batman-arkham-knight,justlukas,9
batman-arkham-knight,spicygamethunder,9
star-wars-republic-commando,artskull,7
a-case-of-distrust,shayell,8
a-case-of-distrust,thefredobar,6
open-roads,griha24,6
open-roads,vlndk,7
pokemon-violet,nanabells,6
pokemon-violet,alanbiccos,6
discolored,twobears79,5
mr-shifty,khajiitlinetosneak,7
gunbird-2,lostleader,8
buried-stars,nanabells,7
florence,bleakcreep,10
florence,hisdemetleri,10
florence,oliv-211,7
florence,yorendo,8
post-void,griha24,8
captain-tsubasa-rise-of-new-champions,twinsen-j,5
the-wanderer-frankensteins-creature,oliv-211,7
beatbuddy-tale-of-the-guardians,oliv-211,7
home,justlukas,7
plateup,justlukas,6
plateup,benny452792,10
little-misfortune,tinfinity8,7
little-misfortune,oliv-211,7
goat-simulator-3,griha24,7
long-live-the-queen,the-last-b,4
spirit-hunter-death-mark,the-gaming-archaeologist,9
wall-world,walkiri2,9
broforce,alexiruiz666,9
broforce,tanonero,9
broforce,artskull,7
stela,twobears79,7
stela,alexb1096,7
aer-memories-of-old,oliv-211,7
aer-memories-of-old,systemnotfound,5
omega-strikers--1,jjlane4,10
omega-strikers--1,taydeuze,10
fallout-shelter,leanne-1,5
aragami,fahadahmed,8
aragami,sadwick666,1
aragami,judgedredd35,8
steep,koktoo,7
steep,koktoo,7
farewell-north,kynationa,6
dragon-ball-z-kakarot,orcmondo,9
dragon-ball-z-kakarot,yes-im-blaqk,4
goblin-sword,rabadakku,9
outer-wilds,thefredobar,10
outer-wilds,craimadks,10
outer-wilds,chicodorado,10
outer-wilds,jan-sablatura,10
outer-wilds,bundito,7
outer-wilds,schzzy,9
outer-wilds,squiox,9
outer-wilds,mcgettin,10
outer-wilds,justlukas,9
outer-wilds,bojackwojack,10
outer-wilds,yorendo,9
beat-cop,thefredobar,6
the-dark-eye-chains-of-satinav,oliv-211,7
super-meat-boy-forever,justlukas,5
balatro,barrycarlyon,10
struggling,buffaloslo,10
stories-untold,twobears79,7
stories-untold,thefredobar,8
anodyne,bugondesk,9
flynn-son-of-crimson,corvo01011,6
flynn-son-of-crimson,alalearl,7
batman-the-telltale-series,thefredobar,8
batman-the-telltale-series,videofuljoe,7
batman-the-telltale-series,emivader,8
batman-the-telltale-series,the-last-b,8
bramble-the-mountain-king,oliv-211,6
the-case-of-the-golden-idol,justlukas,8
the-case-of-the-golden-idol,razieligor,9
the-case-of-the-golden-idol,oliv-211,8
felix-the-reaper,thexder0,6
the-darkside-detective,malachiwalker,8
the-darkside-detective,oliv-211,8
dysmantle,muhammed4298,10
punch-club,thefredobar,8
aragami-2,2mutazz,10
aragami-2,judgedredd35,3
chained-echoes,oliv-211,8
s-t-a-l-k-e-r-shadow-of-chernobyl,artskull,6
s-t-a-l-k-e-r-shadow-of-chernobyl,nikonoim,8
owlboy,darabadan,6
undertale,brendonmio,8
undertale,leszek-gorniak,3
undertale,im-jeelart,5
undertale,yadi12345,8
undertale,tridanx,8
undertale,squiox,10
undertale,nuggstriangle,10
undertale,tanonero,10
undertale,kimono,10
amnesia-a-machine-for-pigs,sadwick666,1
amnesia-a-machine-for-pigs,ravendoom-2023,5
pizza-tower,luvoxylus,9
pizza-tower,desy166,10
minit,chicodorado,9
minit,khajiitlinetosneak,4
minit,thefredobar,8
minit,bugondesk,10
call-of-juarez-gunslinger,fahadahmed,9
call-of-juarez-gunslinger,beeshlive,9
sky-rogue,bugondesk,6
bad-north,jneh,8
bad-north,shawndroid,8
peglin,squiox,7
inscryption,bojackwojack,7
inscryption,schlamasselassel,6
inscryption,queenspukee,9
there-is-no-game-wrong-dimension,mbechirm,10
there-is-no-game-wrong-dimension,scottpilgrim2021,10
the-walking-dead-a-new-frontier,lokicoder,3
the-walking-dead-a-new-frontier,justlukas,7
the-walking-dead-a-new-frontier,oliv-211,7
the-gardens-between,oliv-211,8
quiplash,shawndroid,8
puss,callmeabrix,10
ender-lilies-quietus-of-the-knights,cadu-ndl,10
iron-lung,maxim-nazarenko,6
iron-lung,nikonoim,9
timberman-vs,shawndroid,8
she-wants-me-dead,mercyofwhims,8
across-the-grooves,gabethecrow,9
it-takes-two,toniopanxon,10
it-takes-two,knidliki,9
it-takes-two,majolo9,9
it-takes-two,dandydoomag,10
it-takes-two,keyduq,10
it-takes-two,tanonero,9
it-takes-two,tinfinity8,10
it-takes-two,billybidley,1
it-takes-two,ondra1611,10
maneater,cattco2,6
maneater,judgedredd35,8
party-hard,sighalot,0
tools-up,justlukas,8
timespinner,robertohigor96,7
lawn-mowing-simulator,thecrowspain,7
banners-of-ruin,judgedredd35,6
double-kick-heroes,oliv-211,6
deponia,roleplayer,8
deponia,oliv-211,7
madison,schzzy,2
neversong,zfake,1
star-wars-episode-i-racer,slai-fi,9
unavowed,malachiwalker,9
unavowed,robertohigor96,9
the-exit-8,maxyfran73,5
thumper,generalpfyffer,10
portal-knights,thexder0,8
portal-knights,lichking78,6
my-time-at-portia,squiox,4
my-time-at-portia,nanabells,8
close-to-the-sun,the1nteger,6
monster-hunter-rise,vidyagaemawards,10
warframe,stinkee4oreskin,9
warframe,raydeationtv,10
warframe,aegisspn,10
oxenfree,sighalot,6
oxenfree,thefredobar,8
oxenfree,oliv-211,7
dead-by-daylight,krisdion,10
dead-by-daylight,s3ymur,10
dead-by-daylight,4necroth,9
ori-and-the-will-of-the-wisps,cengiz1990,10
ori-and-the-will-of-the-wisps,achillesinmizragi,9
ori-and-the-will-of-the-wisps,oliv-211,9
ori-and-the-will-of-the-wisps,jocket,10
ori-and-the-will-of-the-wisps,seanmallonofficial1976a,9
ori-and-the-will-of-the-wisps,residentleever,8
ori-and-the-will-of-the-wisps,thecrowspain,10
ori-and-the-will-of-the-wisps,nathnaeldesta,9
ori-and-the-will-of-the-wisps,justlukas,9
what-the-box,baikeru,7
oxenfree-ii-lost-signals,tinfinity8,8
floppy-knights,thecrowspain,8
eastward,oliv-211,8
mind-scanners,justlukas,7
dont-knock-twice,twobears79,6
thimbleweed-park,pavadedu,9
thimbleweed-park,mltato,9
thimbleweed-park,malachiwalker,8
thimbleweed-park,purplecat910,9
pathfinder-kingmaker,joubqa,9
danganronpa-v3-killing-harmony--1,you-go-now,8
danganronpa-v3-killing-harmony--1,justlukas,9
danganronpa-v3-killing-harmony--1,brendonmio,10
rpgolf-legends,yadi12345,6
animal-well,vlndk,9
bendy-and-the-ink-machine,codeman-17,7
kao-the-kangaroo--1,pawlo83,6
milkmaid-of-the-milky-way,malachiwalker,7
mario-plus-rabbids-kingdom-battle,videofuljoe,8
goetia,stefanosk27,5
for-the-king,metlebeard,9
rogue-company,kemiz,1
911-operator,afroyotta,7
behind-the-frame-the-finest-scenery,maxim-nazarenko,10
arise-a-simple-story,twobears79,9
boyfriend-dungeon,justlukas,7
under-leaves,oliv-211,7
golf-peaks,justlukas,7
the-night-of-the-rabbit,smurfas666,9
brothers-a-tale-of-two-sons,roleplayer,6
brothers-a-tale-of-two-sons,oliv-211,7
brothers-a-tale-of-two-sons,userallterminal,9
cook-serve-delicious-2,magicjek,3
grimvalor,stefanosk27,6
grimvalor,thecrowspain,6
curse-of-the-dead-gods,corvo01011,5
13-sentinels-aegis-rim,pepito-128,9
olija,alperozgunyesil,8
fire-tonight,cellard-20,6
warhammer-40000-boltgun,ondra1611,8
warhammer-40000-boltgun,griha24,7
tribes-of-midgard,squiox,6
portal,saudedell,8
portal,daveyp,10
portal,bundito,10
portal,thecrowspain,10
portal,mercanatakan,10
portal,mikalg,8
portal,artskull,10
portal,shawndroid,10
portal,adrianost077,7
portal,judgedredd35,8
portal,justlukas,8
portal,vizthex,10
portal,mrcervero,9
orbt-xl,artskull,5
masters-of-anima,shawndroid,8
annas-quest,oliv-211,7
the-elder-scrolls-blades,judgedredd35,6
ibb-and-obb,xlci0r,7
epistory-typing-chronicles,oliv-211,8
arto,the-duranerd,1
milk-outside-a-bag-of-milk-outside-a-bag-of-milk,yadi12345,9
back-to-bed,anitaingame1,6
card-shark,kknd-daimler,7
snake-pass,finalcreature,8
snake-pass,baikeru,1
snake-pass,sighalot,6
snake-pass,veorranordic,4
adventures-of-chris,justlukas,7
fire-emblem-warriors,videofuljoe,8
far-lone-sails,reallonesamurai,9
far-lone-sails,the-duranerd,10
far-lone-sails,alexharford,7
far-lone-sails,oliv-211,7
eiyuden-chronicle-hundred-heroes,drkdragon20,9
eiyuden-chronicle-hundred-heroes,gtz-mic,10
zenge,oliv-211,5
the-last-campfire,amsandor,7
the-last-campfire,oliv-211,7
snowrunner,mrfarquar,9
hidden-folks,justlukas,9
lost-words-beyond-the-page,oliv-211,7
beacon-pines,yurivasques,10
beacon-pines,oliv-211,7
thank-goodness-youre-here,maxyfran73,8
thank-goodness-youre-here,griha24,7
thank-goodness-youre-here,rabidninja34,10
amnesia-the-dark-descent,trehyu,10
amnesia-the-dark-descent,ravendoom-2023,8
amnesia-the-dark-descent,judgedredd35,9
pokemon-legends-arceus,nanabells,9
pokemon-legends-arceus,jez,9
pokemon-legends-arceus,dekeffer,9
pokemon-legends-arceus,maxyfran73,8
pokemon-legends-arceus,ribrob,8
tormented-souls,judgedredd35,9
superbrothers-sword-sworcery-ep,wrabies,6
luna-the-shadow-dust,mexdave1997,8
the-banner-saga,thefredobar,9
afterparty,laserraptor,5
overwatch,yehseong,9
a-short-hike,m4gg0ts,8
a-short-hike,robertohigor96,9
a-short-hike,oliv-211,8
a-short-hike,amsandor,8
a-short-hike,diogovalentte,10
a-short-hike,yorendo,8
a-short-hike,pacoliyo420,7
a-short-hike,manish0307k,10
a-short-hike,bugondesk,10
n-plus-plus,justlukas,9
infernax,maxim-nazarenko,10
cocoon,theshchronicles,8
cocoon,diogovalentte,10
cocoon,fl4shp01nt,8
cocoon,oliv-211,8
bustafellows,nanabells,7
my-hero-ultra-rumble,wendecos,9
my-hero-ultra-rumble,vrylo,8
my-hero-ultra-rumble,yezakiagames,10
my-hero-ultra-rumble,ozonevibes,10
my-hero-ultra-rumble,kenpachi-gamer,9
my-hero-ultra-rumble,thekimaritotv,10
my-hero-ultra-rumble,nekonorida,10
my-hero-ultra-rumble,gogofu,9
my-hero-ultra-rumble,tangerine199630,8
my-hero-ultra-rumble,justcamtro,8
my-hero-ultra-rumble,msblugazz,10
my-hero-ultra-rumble,codymkw,8
my-hero-ultra-rumble,ziekbaboon,9
my-hero-ultra-rumble,mathiusbake,8
my-hero-ultra-rumble,animegamerpr,10
my-hero-ultra-rumble,projectile-dysfunctional,9
my-hero-ultra-rumble,butter-dawgs,10
my-hero-ultra-rumble,reaperll1crimson,1
spiritfarer,zfake,9
140,solidusrazer,9
140,bobbyjoe987,10
raging-loop,nanabells,6
raging-loop,maxyfran73,7
star-renegades,danc07,9
star-renegades,nkay08,6
octopath-traveler,ecofriendlypanda,0
octopath-traveler,fadibayezid,9
octopath-traveler,oliv-211,8
gigantosaurus-the-game,thecrowspain,6
last-day-of-june,twobears79,8
super-mario-maker-2,cptozz,10
super-mario-maker-2,videofuljoe,10
super-mario-maker-2,sincipra,10
super-mario-maker-2,sincipra,10
super-mario-maker-2,scottpilgrim2021,9
super-mario-maker-2,shawndroid,7
lil-gator-game,amsandor,7
planet-alpha,wrabies,9
prince-of-persia-the-lost-crown,fl4shp01nt,8
prince-of-persia-the-lost-crown,oliv-211,8
prince-of-persia-the-lost-crown,panesiin,9
prince-of-persia-the-lost-crown,evinyx,8
mind-path-to-thalamus,ike-zissou,4
the-room--1,chacegraves,9
the-room--1,vizthex,10
the-room--1,aalla-hobalaa,10
the-room--1,abbievt,9
world-war-z,geppio,7
world-war-z,majkowski,7
goosebumps-the-game,gatorbox,6
sherlock-holmes-crimes-punishments,thefredobar,4
sherlock-holmes-crimes-punishments,chloedouma,10
sherlock-holmes-crimes-punishments,chromec87,9
sherlock-holmes-crimes-punishments,alalearl,7
the-spectrum-retreat,twobears79,6
youropa,twobears79,6
paradise-killer,justlukas,10
paradise-killer,squiox,10
haven,netfllixx212,10
choo-choo-charles,maxim-nazarenko,3
choo-choo-charles,griha24,5
golf-story,avidwriter,1
bud-spencer-and-terence-hill-slaps-and-beans,thecrowspain,7
invisible-inc,oliv-211,9
return-to-monkey-island,malachiwalker,5
return-to-monkey-island,oliv-211,8
limbo,abandonedcatto,9
limbo,graciekat,10
limbo,twobears79,8
limbo,cuterais,8
limbo,xxenosis,8
wingspan,maxyfran73,8
wolfenstein-youngblood,saudedell,6
portal-2,bundito,10
portal-2,mikalg,8
portal-2,saudedell,9
portal-2,this3dollarbill,10
portal-2,yorendo,9
portal-2,xenaven,8
portal-2,yamispear,9
portal-2,bubs17,10
portal-2,judgedredd35,7
fortnite,eeyoficial,1
fortnite,yaseen,9
fortnite,mrverdesmith,8
fortnite,roleplayer,8
fortnite,worda0-0,10
fortnite,ckfilmz,10
fortnite,sophie,9
fortnite,s3ymur,10
fortnite,defi-zooracer,9
fortnite,marcelhonig,4
fortnite,exponentpeaks,9
fortnite,h0l0b33,1
fortnite,braggynoswaggy-10,1
fortnite,dquotah,10
fortnite,galaxygirl2090,8
fortnite,misssturtlee,10
shovel-knight,bagelsareamyth,7
shovel-knight,mikalg,7
a-memoir-blue,motherofdatadragons,7
a-memoir-blue,justlukas,8
a-memoir-blue,oliv-211,5
secret-files-tunguska,malachiwalker,8
blue-fire,thexder0,8
iron-snout,artskull,6
mother-russia-bleeds,armacalagon,7
skyforge,tashkewich,10
shadowrun-returns,thefredobar,6
shadowrun-returns,judgedredd35,4
master-detective-archives-rain-code,gamejoypod,4
harry-potter-quidditch-champions,sway2032,8
placid-plastic-duck-simulator,aubreyplaysathing,8
world-of-horror,schzzy,5
moonstone-island,laladypanda,10
guns-gore-and-cannoli,sadwick666,1
hollow-knight,fluff,10
hollow-knight,canidaetrot,10
hollow-knight,dingledongle,8
hollow-knight,billy-age-8,9
hollow-knight,sayurihattori,10
hollow-knight,puplord,10
hollow-knight,chicodorado,10
hollow-knight,rogerfvb,10
hollow-knight,vizthex,10
hollow-knight,metaltxus,10
hollow-knight,rocacama,9
hollow-knight,tenno12203,10
hollow-knight,cerpintext,6
hollow-knight,tylerthestreamer,10
hollow-knight,tenno12203,10
hollow-knight,nightekxdpl,10
a-little-to-the-left,justlukas,7
a-little-to-the-left,laladypanda,8
olympic-games-tokyo-2020-the-official-video-game,justlukas,6
brotato,justlukas,6
planet-of-lana,justaskingsomequestions,9
planet-of-lana,weltas,8
planet-of-lana,oliv-211,8
planet-of-lana,khajiitlinetosneak,8
ace-combat-7-skies-unknown,antouann,1
ace-combat-7-skies-unknown,nikonoim,8
lode-runner-legacy,shawndroid,7
long-gone-days,bugondesk,10
dragon-ball-xenoverse-2,videofuljoe,7
journey-to-the-savage-planet,khajiitlinetosneak,7
ea-sports-fc-24,kubalol122,8
ea-sports-fc-24,rodynnasc,10
ea-sports-fc-24,jordanitor,8
ea-sports-fc-24,capitantullo,8
ea-sports-fc-24,kiitsune46,9
little-kitty-big-city,griha24,7
little-kitty-big-city,jignjorf,7
inbento,xoveexu,8
life-is-strange-double-exposure,bosterm93,3
crash-bandicoot-4-its-about-time,dingledongle,7
crash-bandicoot-4-its-about-time,justlukas,8
hell-pie,nkay08,8
jack-jeanne,vlndk,9
unruly-heroes,wrabies,6
unruly-heroes,oliv-211,8
turnip-boy-commits-tax-evasion,oliv-211,7
the-letter,yadi12345,6
the-letter,maxyfran73,9
dex,jan-sablatura,10
flipping-death,reallonesamurai,9
flipping-death,oliv-211,7
smile-for-me,justlukas,7
untitled-goose-game,sighalot,9
untitled-goose-game,mikalg,6
untitled-goose-game,this3dollarbill,9
untitled-goose-game,shadowdg2,10
untitled-goose-game,oliv-211,7
the-turing-test,cosmos,8
darkwood,jonlaurence0911,6
airborne-kingdom,jan-sablatura,10
pinball-fx3,justlukas,5
the-falconeer,jan-sablatura,1
the-falconeer,oliv-211,5
pokemon-scarlet,skittyo,4
marvels-midnight-suns,justlukas,9
marvels-midnight-suns,judgedredd35,6
deaths-door,corvo01011,8
deaths-door,xxenosis,6
deaths-door,squiox,8
deaths-door,scuffiotto,6
deaths-door,amsandor,9
deaths-door,abbievt,10
deaths-door,pacoliyo420,7
deaths-door,oliv-211,8
final-fantasy-xv,deftone,6
final-fantasy-xv,hanswerner99,8
final-fantasy-xv,mimimaid,8
melatonin,jshock176,10
game-dev-story,magicjek,9
game-dev-story,gakamech,6
another-crabs-treasure,hungrymanning,9
palia,gyphon-games,8
palia,raz2441,9
palia,adamrainbowpants,10
lorelei-and-the-laser-eyes,justlukas,5
lunch-a-palooza,timmykimmel,3
super-meat-boy,bleakcreep,10
super-meat-boy,justlukas,7
super-meat-boy,artskull,7
blasphemous,datacenter,1
blasphemous,bagevirus,10
ruiner,datacenter,9
ruiner,jan-sablatura,10
borderlands-2,fluff,9
borderlands-2,systemnotfound,8
borderlands-2,veorranordic,8
midnight-fight-express,thecrowspain,8
midnight-fight-express,khajiitlinetosneak,8
valiant-hearts-the-great-war,acnari,10
valiant-hearts-the-great-war,basileonardo,8
valiant-hearts-the-great-war,oliv-211,8
layers-of-fear-2,twobears79,8
nocturnal,the-duranerd,7
neon-abyss,judgedredd35,7
hotline-miami,roleplayer,8
hotline-miami,muhabmetwalli,6
hotline-miami,kryll,8
hotline-miami,,8
hotline-miami,shadow10568,8
hotline-miami,artskull,9
hotline-miami,superdoobydo,8
hotline-miami,monodi,9
hotline-miami,nikonoim,8
souldiers,melgacius,7
warhammer-40000-mechanicus,mrcervero,8
fuga-melodies-of-steel,oliv-211,8
salt-and-sanctuary,craimadks,0
salt-and-sanctuary,the-bambusak,10
pixeljunk-monsters-2,nkay08,5
the-beast-inside,twobears79,8
flinthook,thefredobar,8
quest-for-the-golden-duck,shawndroid,7
embr,griha24,9
inmost,noobreeee,10
football-manager-2023,justlukas,9
temtem,jokornaxfr,10
dust-an-elysian-tail,sadwick666,5
dust-an-elysian-tail,roleplayer,6
dust-an-elysian-tail,oliv-211,7
broken-age,oliv-211,6
lonely-mountains-downhill,justlukas,5
lonely-mountains-downhill,faultymouth,9
ghostbusters-spirits-unleashed,djnuff,10
immortals-fenyx-rising,koktoo,10
immortals-fenyx-rising,koktoo,10
they-bleed-pixels,thefredobar,8
they-bleed-pixels,thexder0,8
rainbow-billy-the-curse-of-the-leviathan,ossini,10
neon-white,the-last-b,9
neon-white,maxim-nazarenko,10
neon-white,cerpintext,8
the-darkside-detective-a-fumble-in-the-dark,oliv-211,8
what-lies-in-the-multiverse,rabadakku,9
pennys-big-breakaway,griha24,7
gone-home,this3dollarbill,7
gone-home,thefredobar,9
gone-home,lilymunster1,5
gone-home,gatorbox,8
sydney-hunter-and-the-curse-of-the-mayan,oyeono84,9
still-there,abbievt,8
art-sqool,bugondesk,8
tales-from-the-borderlands,joost013,9
tales-from-the-borderlands,manoobrown,10
battle-chasers-nightwar,sighalot,8
battle-chasers-nightwar,oliv-211,5
mega-man-10,randomfellow12,9
s-dot-t-a-dot-l-k-dot-e-r-dot-clear-sky,artskull,7
s-dot-t-a-dot-l-k-dot-e-r-dot-clear-sky,nikonoim,7
signalis,judgedredd35,10
signalis,dchene12,7
signalis,maxim-nazarenko,10
signalis,yadi12345,10
cyber-shadow,maxim-nazarenko,9
pokemon-quest,ephemer117,7
pokemon-quest,scottpilgrim2021,2
supfly-delivery-simulator,blacersc2,10
supfly-delivery-simulator,zed-iliy,8
supfly-delivery-simulator,6maxxxim9,10
supfly-delivery-simulator,alexvj,10
supfly-delivery-simulator,komandor-ig,10
supfly-delivery-simulator,desslinn,7
supfly-delivery-simulator,greed-gen,10
five-dates,justlukas,7
the-longing,copeylius,10
the-pedestrian,synauta,7
the-pedestrian,oliv-211,8
the-pedestrian,justlukas,8
the-pedestrian,mikalg,8
xenoblade-chronicles-3,vigo0611,10
the-vanishing-of-ethan-carter,oliv-211,7
wolfenstein-ii-the-new-colossus,ondra1611,6
wolfenstein-ii-the-new-colossus,manservant-claude,6
wolfenstein-ii-the-new-colossus,oliv-211,7
into-the-breach,sighalot,9
celeste,thefredobar,8
celeste,asmishler-1,10
celeste,squiox,9
celeste,wrabies,8
celeste,space-koara,9
celeste,bugondesk,9
celeste,scottpilgrim2021,10
celeste,tanonero,9
celeste,yadi12345,10
celeste,pacoliyo420,7
celeste,oliv-211,7
gas-station-simulator,paivafamily,9
lego-jurassic-world,souls-3ater,10
lego-jurassic-world,griha24,7
south-of-the-circle,ancestorprime,5
the-fall,thefredobar,7
return-of-the-obra-dinn,wrabies,10
return-of-the-obra-dinn,dumde,1
return-of-the-obra-dinn,kronos93ev,9
return-of-the-obra-dinn,this3dollarbill,9
return-of-the-obra-dinn,nikonoim,10
return-of-the-obra-dinn,justlukas,10
return-of-the-obra-dinn,diogovalentte,10
overcooked-2,justlukas,8
disney-speedstorm,bretts-shenanigans,10
shantae-half-genie-hero,jasonarturovegaacuna,8
crsed-foad,koktoo,9
crsed-foad,koktoo,9
wandersong,thexder0,9
romancing-saga-2,tom-nayee,5
peace-death,artskull,7
cogen-sword-of-rewind,yadi12345,8
disco-elysium,amsandor,9
disco-elysium,zfake,10
disco-elysium,axeltron,9
disco-elysium,asdxyzabc789,10
disco-elysium,darkfeld,9
disco-elysium,craimadks,10
machinarium,artskull,7
machinarium,zewixel,8
machinarium,oliv-211,4
rime,fahadahmed,9
rime,kimono,8
vampyr,majkowski,7
vampyr,hrstar,10
vampyr,jan-sablatura,1
vampyr,justlukas,7
vampyr,datacenter,7
vampyr,leffdano,6
vampyr,judgedredd35,7
innerspace,kynationa,7
zombie-army-4-dead-war,ndandy,1
slay-the-spire,justlukas,7
slay-the-spire,celestishell,9
slay-the-spire,judgedredd35,8
life-goes-on-done-to-death,oliv-211,7
iconoclasts,lokicoder,4
iconoclasts,shadow10568,7
when-the-past-was-around,oliv-211,8
opus-echo-of-starsong-full-bloom-edition,oliv-211,8
the-messenger,virusnetwork,10
the-messenger,rafaelpires815,8
late-shift,wrabies,8
late-shift,justlukas,8
void-bastards,bundito,8
void-bastards,oliv-211,7
void-bastards,judgedredd35,7
creature-in-the-well,corvo01011,7
postal-brain-damaged,griha24,7
darkest-dungeon,omatte20,7
darkest-dungeon,ondra1611,10
eiyuden-chronicle-rising,maxyfran73,6
eiyuden-chronicle-rising,dingledongle,5
hellblade-senuas-sacrifice,thefredobar,9
hellblade-senuas-sacrifice,fluxcbf,10
hellblade-senuas-sacrifice,aysenthesys,8
hellblade-senuas-sacrifice,ariesps,9
hellblade-senuas-sacrifice,jan-sablatura,1
hellblade-senuas-sacrifice,majkowski,9
hellblade-senuas-sacrifice,mo-aga,8
hellblade-senuas-sacrifice,blasphemer888,8
hellblade-senuas-sacrifice,justaskingsomequestions,9
hellblade-senuas-sacrifice,judgedredd35,8
hellblade-senuas-sacrifice,oliv-211,7
kona,aysenthesys,5
kona,chacegraves,8
kona,twobears79,7
garden-story,bleakcreep,8
the-little-acre,oliv-211,7
cult-of-the-lamb,zfake,1
cult-of-the-lamb,hungryhn,10
cult-of-the-lamb,daveyp,6
cult-of-the-lamb,basileonardo,8
hidden-paws,chacegraves,8
super-kiwi-64,matthew-tloz,9
enigmatis-2-the-mists-of-ravenwood,lilianamoore,10
coffee-talk,justlukas,6
coffee-talk,yadi12345,9
coffee-talk,oliv-211,7
super-animal-royale,scottpilgrim2021,3
super-animal-royale,chickensurprise,10
ruined-king-a-league-of-legends-story,mundodaluah,8
octopath-traveler-ii,oliv-211,8
blair-witch,xxenosis,7
blair-witch,oliv-211,3
backfirewall,griha24,7
west-of-dead,carlolucas,5
dusk,altron60,7
dusk,superdoobydo,8
dusk,nikonoim,9
dusk,judgedredd35,8
vigil-the-longest-night,kynationa,9
unravel-two,rafaelpires815,8
unravel-two,oliv-211,7
splatter-zombiecalypse-now,systemnotfound,8
olliolli-world,griha24,7
harmony-the-fall-of-reverie,oliv-211,8
relicta,thexder0,8
outlast-ii,martinpt,9
the-red-strings-club,jneh,8
the-red-strings-club,bagelsareamyth,8
the-red-strings-club,jpoker98,8
core-keeper,laladypanda,9
dave-the-diver,squiox,8
dave-the-diver,khajiitlinetosneak,8
dave-the-diver,fl4shp01nt,9
dave-the-diver,vlndk,9
dave-the-diver,arga2000,9
rad,artskull,6
dorfromantik,maymymay1313,10
dorfromantik,lunessence,10
slice-dice-and-rice,jan-sablatura,1
subnautica,leszek-gorniak,9
subnautica,blackdestinyxx,8
subnautica,vizthex,10
monster-hunter-stories-2-wings-of-ruin,nanabells,9
hidden-through-time-2-myths-and-magic,bloodygoodreviews,8
pokemon-unite,ephemer117,7
pokemon-unite,aliceyume79,5
pokemon-unite,dekeffer,9
pokemon-unite,drmdr,8
pokemon-unite,scottpilgrim2021,6
storyteller--1,yorendo,8
storyteller--1,justlukas,10
the-talos-principle,oliv-211,8
the-talos-principle,twobears79,8
the-talos-principle,systemnotfound,7
primordia,malachiwalker,9
ghost-song,danc07,6
sifu,1slavboi,8
sifu,sheeeshbro213,9
kill-it-with-fire,justlukas,8
far-changing-tides,timmykimmel,4
far-changing-tides,oliv-211,7
dragon-quest-builders,lichking78,9
steamworld-dig,jan-sablatura,1
steamworld-dig,shawndroid,9
steamworld-dig,oliv-211,7
iris-dot-fall,oliv-211,6
kerbal-space-program,mikalg,8
two-point-hospital,da-grot,9
two-point-hospital,gamikom,1
two-point-hospital,nyanprime,8
teenage-mutant-ninja-turtles-shredders-revenge,whattheclaude,8
teenage-mutant-ninja-turtles-shredders-revenge,owen-lie,6
teenage-mutant-ninja-turtles-shredders-revenge,h2c-4n6,10
teenage-mutant-ninja-turtles-shredders-revenge,mhat1,7
cuisineer,laladypanda,10
truberbrook,twobears79,6
truberbrook,oliv-211,6
phogs,bleakcreep,8
story-of-seasons-pioneers-of-olive-town,nanabells,6
rogue-legacy,roleplayer,8
rogue-legacy,loftus,7
pankapu,oliv-211,7
nightmare-reaper,nikonoim,6
this-is-the-police,thefredobar,7
this-is-the-police,mrcervero,6
football-manager-2024,justlukas,9
football-manager-2024,2muchcc,10
road-96,judgedredd35,9
road-96,griha24,9
road-96,twobears79,8
road-96,oliv-211,7
road-96,patmangod1968,1
gris,werduur,9
gris,billy-age-8,10
gris,jasonarturovegaacuna,5
gris,twobears79,8
gris,dingledongle,8
gris,yurivasques,8
gris,undeadmudkipz,7
gris,oliv-211,8
heavens-vault,bundito,8
heavens-vault,twobears79,9
heavens-vault,burythehammer,9
heavens-vault,vixyish,5
hogwarts-legacy-deluxe-edition,xwreckfonzix,10
hogwarts-legacy-deluxe-edition,xwreckfonzix,10
super-bomberman-r,videofuljoe,6
hotline-miami-2-wrong-number,artskull,9
a-normal-lost-phone,justlukas,7
a-normal-lost-phone,this3dollarbill,7
katana-zero,oyeono84,7
katana-zero,maxim-nazarenko,10
katana-zero,diogovalentte,10
katana-zero,oliv-211,7
chicory-a-colorful-tale,tryhardgamer-live,10
toree-2,matthew-tloz,9
shantae-and-the-pirates-curse,dingledongle,6
railgrade,timmykimmel,8
atelier-ryza-ever-darkness-and-the-secret-hideout,skittyo,7
atelier-ryza-ever-darkness-and-the-secret-hideout,yadi12345,8
matchpoint-tennis-championships,thecrowspain,6
the-witch-and-the-66-mushrooms,nkay08,7
rain-on-your-parade,oliv-211,8
rain-on-your-parade,khajiitlinetosneak,8
football-manager-2022,justlukas,9
vampire-survivors,whattheclaude,7
vampire-survivors,4proval,9
vampire-survivors,sighalot,7
vampire-survivors,the-last-b,8
vampire-survivors,justlukas,10
vampire-survivors,dreamerrvevo,5
super-mario-bros,justlukas,8
super-mario-bros,t-trex08,8
super-mario-bros,marcosba,10
super-mario-bros,matthew-tloz,8
super-mario-bros,saibogujiman,7
super-mario-bros,thebestsilver7,7
super-mario-bros,jignjorf,7
stick-it-to-the-man,oliv-211,9
sundered,vizthex,10
raji-an-ancient-epic,twobears79,8
raji-an-ancient-epic,gmp,9
raji-an-ancient-epic,oliv-211,7
the-diofield-chronicle,lichking78,6
assassins-creed-iv-black-flag,nullfreaks,6
assassins-creed-iv-black-flag,sleepylordfox,8
assassins-creed-iv-black-flag,cloakedculprit,9
assassins-creed-iv-black-flag,koujaa,8
assassins-creed-iv-black-flag,sodapop-ponyboy,10
kitten-squad,gatorbox,1
severed,jpoker98,8
kingdom-come-deliverance,zwizyman,7
my-friend-pedro,ritobasu1998,8
my-friend-pedro,sadwick666,1
ikenfell,turnbasedlovers,9
ikenfell,weasnot,10
remnant-from-the-ashes,hexxn,7
remnant-from-the-ashes,dingledongle,8
remnant-from-the-ashes,zotobom,5
blood-bowl-iii,barrycarlyon,2
dropsy,dingledongle,6
valiant-hearts-coming-home,oliv-211,6
south-park-the-stick-of-truth,zuperfly,0
a-plague-tale-requiem,griha24,7
a-plague-tale-requiem,lukaszsw,9
a-plague-tale-requiem,tanonero,9
a-plague-tale-requiem,oliv-211,8
superliminal,karanjain21,10
superliminal,twobears79,8
superliminal,mikalg,5
superliminal,oliv-211,6
the-final-station,thefredobar,7
monster-train,justlukas,7
beyond-blue,judgedredd35,7
enter-the-gungeon,hyperperky,10
maquette,griha24,7
maquette,lostleader,6
blossom-tales-the-sleeping-king,lokicoder,8
darksiders-iii,datacenter,2
darksiders-iii,ripsie,6
darksiders-iii,notsmarted,2
lyne,oliv-211,8
harvest-moon-the-winds-of-anthos,nanabells,7
ori-and-the-blind-forest,jasonarturovegaacuna,8
ori-and-the-blind-forest,baikeru,9
ori-and-the-blind-forest,harl1nde,7
mortal-kombat-11,prawieambitny,9
mortal-kombat-11,anthonykurilko,9
mortal-kombat-11,gyuro777,9
edna-harvey-harvey-s-new-eyes,oliv-211,7
sea-of-stars,fahotheguy,10
sea-of-stars,diogovalentte,10
sea-of-stars,oliv-211,7
sea-of-stars,yadi12345,9
sea-of-stars,lostleader,8
minute-of-islands,oliv-211,7
liberated,oliv-211,7
shantae-and-the-seven-sirens,frozentrout,7
slay-the-princess,vlndk,9
the-colonists,zfake,6
mutazione,diogovalentte,9
neon-chrome,thefredobar,7
sonic-frontiers,lilsuitepie,9
wind-peaks,prawieambitny,7
the-plucky-squire,griha24,6
tails-noir--1,flyingmonitor,7
tails-noir--1,oliv-211,7
lego-builders-journey,barrycarlyon,7
lego-builders-journey,timmykimmel,6
shinsekai-into-the-depths,oyeono84,10
shinsekai-into-the-depths,nkay08,6
the-game-of-life-2,justlukas,5
dead-cells,sighalot,9
the-escapists-2,eeyoficial,7
cult-of-the-lamb-cultist-edition,the-last-b,8
mega-man-9,zoptooniek,10
mega-man-9,randomfellow12,9
valley,oliv-211,7
night-in-the-woods,billy-age-8,8
night-in-the-woods,dmtafra,8
night-in-the-woods,bugondesk,10
fran-bow,twobears79,7
fuga-melodies-of-steel-2,oliv-211,8
the-outer-worlds,cable101,7
the-outer-worlds,uaman,7
the-outer-worlds,datacenter,10
the-outer-worlds,krcky,9
the-outer-worlds,sighalot,0
the-outer-worlds,dutchy280,7
the-outer-worlds,alphatrash,9
finding-paradise,oliv-211,8
the-walking-dead,roleplayer,9
the-walking-dead,justlukas,8
the-walking-dead,squiox,8
the-walking-dead,oliv-211,8
the-walking-dead,willpowersmith,10
the-walking-dead,kimono,7
donut-county,vraageens,8
donut-county,faultymouth,9
donut-county,mikalg,5
donut-county,virusnetwork,9
donut-county,superdoobydo,8
donut-county,oliv-211,7
conarium,twobears79,8
s-dot-t-a-dot-l-k-dot-e-r-dot-call-of-pripyat,artskull,9
s-dot-t-a-dot-l-k-dot-e-r-dot-call-of-pripyat,nikonoim,8
two-point-campus,venomsnake-twitch,8
what-remains-of-edith-finch,snaplyn,10
what-remains-of-edith-finch,justlukas,10
what-remains-of-edith-finch,justanothertwitchuser12,8
what-remains-of-edith-finch,alalearl,8
what-remains-of-edith-finch,oliv-211,7
what-remains-of-edith-finch,thecrowspain,10
baldo-the-guardian-owls,draw-to-life,7
clustertruck,aneko,9
smite,cyberntiic,5
stumble-guys,anitaingame1,6
brigandine-the-legend-of-runersia,nanabells,6
hidden-through-time,maxim-nazarenko,8
ys-ix-monstrum-nox,nanabells,7
ys-ix-monstrum-nox,nkay08,7
severed-steel,datacenter,9
river-city-girls,oliv-211,7
the-legend-of-heroes-trails-of-cold-steel-iv,minneyar,3
danganronpa-2-goodbye-despair,justlukas,9
luigis-mansion-3,virusnetwork,5
luigis-mansion-3,yadi12345,7
jotun-valhalla-edition--2,thefredobar,9
reventure,m4gg0ts,8
syberia,oliv-211,8
what-the-dub,gatorbox,8
project-warlock,nikonoim,5
project-warlock,maxim-nazarenko,6
another-lost-phone-lauras-story,this3dollarbill,8
another-lost-phone-lauras-story,bugondesk,8
another-world,kennybw,9
another-world,maxyfran73,4
mechanika,oliv-211,8
moonglow-bay,danc07,8
omno,jan-sablatura,10
going-under,amsandor,6
stardew-valley,squiox,10
stardew-valley,justlukas,6
stardew-valley,nikonoim,8
stardew-valley,ezcork,10
stardew-valley,jessicafox98,10
looking-up-i-see-only-a-ceiling,maxyfran73,6
terra-nil--1,corvo01011,7
terra-nil--1,tieflingkisser,9
everhood,craimadks,9
everhood,shadow10568,8
balan-wonderworld,vidyagaemawards,1
balan-wonderworld,sapphiredrew,9
lamplight-city,malachiwalker,9
moving-out,elvo95,6
moving-out,justlukas,6
the-house-of-da-vinci,oziman,7
one-piece-pirate-warriors-3,the-last-b,5
one-piece-pirate-warriors-3,plusleg1rl,10
lethal-league-blaze,kyresd,10
axiom-verge,canidaetrot,10
rough-justice-84,nufnhe,9
rough-justice-84,thatssomeana,10
rough-justice-84,zeroy99,9
rough-justice-84,papaxilion,9
rough-justice-84,dg-belper,10
in-stars-and-time,maxyfran73,8
subsurface-circular,thefredobar,7
old-mans-journey,sombresleep,8
old-mans-journey,aeywoo,10
gi-joe-operation-blackout,tranzadeli,3
mlb-the-show-24,norbie85,9
mlb-the-show-24,vlndk,9
super-mega-space-blaster-special-turbo,bareknuckledev,9
radiation-island,kaeneus,4
if-found-dot-dot-dot,bleakcreep,8
mad-games-tycoon,volviq,9
grounded,griha24,7
pokemon-shield,dingledongle,5
pokemon-shield,nanabells,7
pokemon-shield,sirawesomeness41,9
pokemon-shield,justlukas,9
infinity-strash-dragon-quest-the-adventure-of-dai,seekozahero,10
ghostrunner,thecrowspain,8
ghostrunner,mackatap,4
ghostrunner,pacoliyo420,7
ghostrunner,patmangod1968,2
ghostrunner,thecrowspain,8
tails-of-iron,thaflu84,8
tails-of-iron,judgedredd35,8
hades--1,jan-sablatura,10
hades--1,the-last-b,10
hades--1,keyduq,10
hades--1,justlukas,9
hades--1,cutegirltv,10
hades--1,weakkun12,10
hades--1,sadwick666,1
hades--1,squiox,10
hades--1,samehereman,9
hades--1,justaskingsomequestions,7
hades--1,switchindiefix,10
hades--1,oliv-211,5
hades--1,jamie-owo,10
hades--1,muhammed4298,10
bright-memory-infinite,khajiitlinetosneak,6
coffee-talk-episode-2-hibiscus-and-butterfly,oliv-211,7
coffee-talk-episode-2-hibiscus-and-butterfly,yadi12345,9
harvest-moon-one-world,nanabells,5
moonlighter,amsandor,7
lust-for-darkness,siyahejder,10
lucah-born-of-a-dream,n-e-e-t,6
tunic,justlukas,6
tunic,amsandor,9
tunic,oliv-211,5
tunic,diogovalentte,10
calico,thexder0,6
omensight,jan-sablatura,10
milk-inside-a-bag-of-milk-inside-a-bag-of-milk,yadi12345,9
the-long-reach,sighalot,6
disgaea-6-defiance-of-destiny,nanabells,6
pikuniku,oliv-211,7
pikuniku,squiox,7
thomas-was-alone,timmykimmel,5
thomas-was-alone,scottpilgrim2021,10
agatha-knife,oliv-211,8
aspire-inas-tale,oliv-211,7
deemo,yadi12345,7
ziggurat-2,lucredenouncer,10
redo,chacegraves,8
access-denied,vizthex,8
baba-is-you,mikalg,7
baba-is-you,justlukas,7
overwatch-2,mrverdesmith,6
overwatch-2,djinn000,1
overwatch-2,martinpt,8
overwatch-2,yorendo,4
overwatch-2,datapotomus,6
overwatch-2,iam-lotuss,10
overwatch-2,hk3-ow2,1
mia-and-the-dragon-princess,turtledsloth,2
prodeus,maxim-nazarenko,10
prodeus,datacenter,9
lara-croft-and-the-guardian-of-light,oliv-211,7
cyber-hook,khajiitlinetosneak,7
shalnor-legends-sacred-lands,akr90sgamer,7
unturned--1,nikonoim,7
indivisible,nkay08,6
risk-of-rain,stinkee4oreskin,10
graveyard-keeper,mercanatakan,6
needy-streamer-overload,yadi12345,9
needy-streamer-overload,losttenshi-04,6
mosaic,twobears79,6
the-station,twobears79,8
tinykin,oliv-211,8
tinykin,megasmatey,8
carrion,sighalot,9
carrion,haouleo,9
carrion,oliv-211,7
gray-dawn,twobears79,9
gray-dawn,schzzy,3
genesis-noir,oliv-211,6
aqua-moto-racing-utopia,timmykimmel,5
hello-kitty-island-adventure,mischievousgamez,10
lego-city-undercover,shawndroid,6
syberia-ii,oliv-211,8
fe,oliv-211,6
among-us,vincenzo-rizzo,7
among-us,scottpilgrim2021,7
hoa,oliv-211,7
wolfstride,shadow10568,9
rainswept,dustflower,9
teamfight-manager,squiox,5
the-stillness-of-the-wind,twobears79,5
angels-with-scaly-wings,gatorbox,8
the-many-pieces-of-mr-coo,griha24,7
please-dont-touch-anything,artskull,8
hot-wheels-unleashed,justlukas,7
hot-wheels-unleashed,thecrowspain,7
poppy-playtime,holap112,10
yonder-the-cloud-catcher-chronicles,shayell,9
yonder-the-cloud-catcher-chronicles,sudoshadow,7
wilmots-warehouse,wrabies,8
the-walking-dead-season-two,roleplayer,7
the-walking-dead-season-two,lokicoder,8
the-walking-dead-season-two,justlukas,9
the-walking-dead-season-two,dariovaccaro,6
the-walking-dead-season-two,oliv-211,7
spellbreak,ursuxpanda,8
cloudpunk,theeddiec,4
undernauts-labyrinth-of-yomi,nanabells,7
black-the-fall,twobears79,8
apex-legends,eyji,9
apex-legends,systemnotfound,6
apex-legends,kamulive,8
apex-legends,untiord,4
apex-legends,dirty50,10
apex-legends,the-last-b,8
apex-legends,stickright,9
apex-legends,mrverdesmith,4
apex-legends,braggynoswaggy-10,10
apex-legends,agentlucas89,1
apex-legends,falkreon,1
apex-legends,kenpachinegi,1
omori,riverpencil,10
omori,vidyagaemawards,10
omori,nukumochi,10
life-is-strange-2,vangega,8
life-is-strange-2,tranzadeli,3
i-am-setsuna,ecofriendlypanda,8
forgive-me-father,maxim-nazarenko,5
one-night-stand,justlukas,8
one-night-stand,bugondesk,9
blacksad-under-the-skin,sh4dow-86,6
blacksad-under-the-skin,luisnazario9,8
factorio,gordon2,10
factorio,b-rent,10
factorio,rihan-s,10
factorio,maahsz18,10
burly-men-at-sea,judgedredd35,6
sally-face,artskull,10
ghosts-n-goblins-resurrection--1,vidyagaemawards,10
broken-sword-5-the-serpents-curse,smurfas666,9
broken-sword-5-the-serpents-curse,oliv-211,7
patricks-parabox,justlukas,7
the-long-dark,theeddiec,9
the-long-dark,vangega,7
the-dark-eye-memoria,oliv-211,8
asphalt-legends-unite--1,xoveexu,6
darkest-dungeon-ii,corvo01011,8
bloodshore,atalayknr,7
bloodshore,justlukas,7
five-nights-at-freddys-into-the-pit,griha24,7
machinika-museum,thexder0,8
doom-eternal,camerons410,8
doom-eternal,fear-the-boubou,6
doom-eternal,ondra1611,9
doom-eternal,patmangod1968,10
doom-eternal,datacenter,7
doom-eternal,oliv-211,9
super-kirby-clash,scottpilgrim2021,5
pentiment,schlamasselassel,7
pentiment,snowboardjoe24,8
pentiment,oliv-211,8
pentiment,judgedredd35,8
persona-5-strikers,zfake,2
persona-5-strikers,fahotheguy,9
little-nightmares-ii,chromecore1,10
little-nightmares-ii,sadwick666,1
little-nightmares-ii,leffdano,7
little-nightmares-ii,tanonero,8
dodgeball-academia,justlukas,9
carx-drift-racing-online,zerohvx1,6
pc-building-simulator,artskull,6
pc-building-simulator,arm-m4,2
pc-building-simulator,arm-m4,3
super-monkey-ball-banana-mania,yadi12345,5
the-witcher-3-wild-hunt,thedorkknightrises,10
the-witcher-3-wild-hunt,markayawann,10
the-witcher-3-wild-hunt,refractionn,10
the-witcher-3-wild-hunt,thefada,7
the-witcher-3-wild-hunt,giltintur,10
the-witcher-3-wild-hunt,dvandermade,8
the-witcher-3-wild-hunt,ondra1611,9
the-witcher-3-wild-hunt,krizak201,10
the-witcher-3-wild-hunt,ondra1611,9
the-witcher-3-wild-hunt,xenaven,10
the-witcher-3-wild-hunt,keyduq,10
the-witcher-3-wild-hunt,disillus10n,10
the-witcher-3-wild-hunt,skimble,10
the-witcher-3-wild-hunt,skotnyx,10
60-seconds,hyperperky,10
quell,facelessguy,8
twelve-minutes,oliv-211,5
twelve-minutes,laestanteria,5
twelve-minutes,justlukas,6
twelve-minutes,datacenter,6
bastion,sniatch,8
bastion,chef-big-dog,10
bastion,acnari,8
bastion,roleplayer,8
bastion,jessicafox98,8
blades-of-time,thexder0,9
secret-files-sam-peters,snaplyn,5
the-incredible-adventures-of-van-helsing,roleplayer,5
the-incredible-adventures-of-van-helsing,nyanprime,8
chaos-child,adilya,6
meow-motors,timmykimmel,4
super-bomberman-r-online,justlukas,5
webbed,manish0307k,10
button-city,goranske,5
bloodstained-ritual-of-the-night,wanderingoff,9
bloodstained-ritual-of-the-night,justlukas,8
bloodstained-ritual-of-the-night,alalearl,8
earthfall,griha24,7
timelie,thexder0,9
timelie,petro-sino,8
the-mummy-demastered,jan-sablatura,1
south-park-the-fractured-but-whole,seigneur101,9
south-park-the-fractured-but-whole,tanonero,9
nordlicht,oliv-211,7
ark-survival-evolved,braydenpoole9,10
ark-survival-evolved,squiox,9
lost-in-random,alperozgunyesil,9
lake,cycorr,9
teenage-mutant-ninja-turtles-mutants-unleashed,griha24,7
five-nights-at-freddys-security-breach,arilplayz,9
toree-3d,oyeono84,8
toree-3d,matthew-tloz,8
yesterday-origins,malachiwalker,8
streets-of-rage-4,khajiitlinetosneak,8
streets-of-rage-4,oliv-211,8
bandle-tale-a-league-of-legends-story,why9me69,6
the-artful-escape,oliv-211,7
kingdom-eighties,basileonardo,7
deponia-doomsday,sadwick666,1
deponia-doomsday,oliv-211,7
the-legend-of-zelda-tears-of-the-kingdom,that0nemime,9
the-legend-of-zelda-tears-of-the-kingdom,justlukas,10
the-legend-of-zelda-tears-of-the-kingdom,kacamamm,10
the-legend-of-zelda-tears-of-the-kingdom,dingledongle,7
the-legend-of-zelda-tears-of-the-kingdom,tanli2020,10
the-legend-of-zelda-tears-of-the-kingdom,dariovaccaro,8
the-legend-of-zelda-tears-of-the-kingdom,vlndk,10
the-legend-of-zelda-tears-of-the-kingdom,jobofgc,10
headliner-novinews,justlukas,9
paint-the-town-red,artskull,4
bug-fables-the-everlasting-sapling,kapodaco,9
bug-fables-the-everlasting-sapling,shadow10568,10
railbound,vizthex,10
batman-the-enemy-within,justlukas,8
batman-the-enemy-within,nullfreaks,9
the-dark-pictures-anthology-man-of-medan,datacenter,2
the-dark-pictures-anthology-man-of-medan,wintersunx,5
the-dark-pictures-anthology-man-of-medan,martinpt,9
the-dark-pictures-anthology-man-of-medan,haouleo,5
the-dark-pictures-anthology-man-of-medan,oliv-211,7
the-procession-to-calvary,oliv-211,8
the-procession-to-calvary,rollback-lothbrok,9
goodbye-deponia,roleplayer,8
goodbye-deponia,oliv-211,8
ravenous-devils,maxim-nazarenko,3
spelunky-2,celestishell,9
pillars-of-eternity,lusiferrr,10
human-fall-flat,thefredobar,7
human-fall-flat,justlukas,6
1979-revolution-black-friday,systemnotfound,7
1979-revolution-black-friday,fehbolaa,10
duck-game,othello77,10
dragon-ball-fighterz,oliv-211,7
drive-buy,ndandy,1
toem,bleakcreep,8
toem,oliv-211,7
toem,justlukas,9
batman-arkham-asylum,hanswerner99,8
batman-arkham-asylum,nsa3679,6
batman-arkham-asylum,adamqq468,8
batman-arkham-asylum,monodi,9
strange-brigade,sancholibre,6
garden-life-a-cozy-simulator,kivasha,10
telling-lies,flyingmonitor,8
telling-lies,oliv-211,8
avicii-invector,khajiitlinetosneak,4
gorogoa,stefanosk27,6
gorogoa,oliv-211,7
killer-frequency,2nfinnity,6
killer-frequency,mrcervero,7
lego-worlds,shawndroid,5
worms-wmd,justlukas,9
the-town-of-light,twobears79,7
pinstripe,thefredobar,7
pinstripe,mikalg,2
pan-pan,bobbyjoe987,9
replica,bugondesk,8
the-sinking-city,jonlaurence0911,6
the-sinking-city,thecrowspain,4
cat-quest-ii,triplepostman,8
grimshade,zfake,1
the-executioner,zfake,4
thirsty-suitors,griha24,7
thirsty-suitors,nanabells,8
thirsty-suitors,judgedredd35,8
the-mooseman,oliv-211,5
brawlhalla,kingrollos,10
brawlhalla,sigkun,10
brawlhalla,fazelejon,4
brawlhalla,azazel3308,8
brawlhalla,essegafanhoto,8
brawlhalla,utuskio,10
steamworld-dig-2,chacegraves,9
steamworld-dig-2,sighalot,8
steamworld-dig-2,dingledongle,8
steamworld-dig-2,shawndroid,9
steamworld-dig-2,yorendo,8
digimon-survive,nanabells,6
nippon-marathon,gatorbox,6
rwby-arrowfell,yadi12345,4
ys-viii-lacrimosa-of-dana,justlukas,8
ys-viii-lacrimosa-of-dana,dingledongle,9
ys-viii-lacrimosa-of-dana,nanabells,7
cuphead,wrabies,6
cuphead,acnari,8
cuphead,boilingingwater,2
cuphead,craimadks,8
ken-folletts-the-pillars-of-the-earth,oliv-211,8
transistor,roleplayer,5
transistor,chef-big-dog,10
transistor,dansknugen,4
transistor,oliv-211,8
pokemon-cafe-mix,coral0excess,4
terraria,loftus,8
terraria,vizthex,9
terraria,uziminus,10
terraria,pepifriki,8
biomutant,squiox,3
speed-dating-for-ghosts,justlukas,7
the-jackbox-party-pack-3,krazyjakee,7
minecraft-story-mode,lichking78,3
last-stop,sighalot,6
last-stop,justlukas,6
last-stop,oliv-211,7
dandara,findsilence,9
necrosmith,walkiri2,4
minoria,craimadks,6
carnival-games--1,eujmiwef,2
knockout-city,kathuluz,10
gnosia,nanabells,8
the-bridge,oliv-211,4
gibbous-a-cthulhu-adventure,zfake,4
outlast,tylerthestreamer,9
outlast,abbievt,8
outlast,artskull,7
bugsnax,justlukas,7
those-who-remain,young-nacho,1
wreckfest,timmykimmel,8
lara-croft-and-the-temple-of-osiris,abbievt,8
to-the-moon,thefredobar,8
to-the-moon,wrytxander,7
to-the-moon,darabadan,8
to-the-moon,alexharford,3
to-the-moon,oliv-211,9
to-the-moon,jasonarturovegaacuna,7
yooka-laylee,justlukas,5
narita-boy,oliv-211,7
narita-boy,khajiitlinetosneak,7
rive,bistrowiro,9
perception,abbievt,7
the-pinball-wizard,melgacius,8
the-last-door,malachiwalker,10
cris-tales,the-last-b,5
cris-tales,bleakcreep,5
trials-rising,justlukas,6
trials-rising,sighalot,7
guacamelee-2,sighalot,7
hidden-in-plain-sight,alexharford,9
adios,abandonedcatto,6
adios,oliv-211,3
adios,ancestorprime,1
bokura,choc1993,7
bokura,ian-onthefloor,9
80-s-overdrive,justlukas,7
the-count-lucanor,thefredobar,4
legrand-legacy,reallonesamurai,9
solar-ash--1,1slavboi,5
observer,batragon,9
observer,escopablobar8,10
ape-out,jonlaurence0911,8
darksiders-genesis,oliv-211,8
nine-parchments,shawndroid,8
submerged,systemnotfound,7
muse-dash--1,dblbarreldarrel,10
stick-fight-the-game,artskull,6
trine-4-the-nightmare-prince,datacenter,10
trine-4-the-nightmare-prince,zeldanoahdan79,9
bulb-boy,spicygamethunder,8
inside-my-radio--1,oliv-211,7
you-suck-at-parking,timmykimmel,5
batman-arkham-city,alexiruiz666,10
batman-arkham-city,remus,10
batman-arkham-city,daveyp,5
batman-arkham-city,gordonspace,4
batman-arkham-city,justlukas,8
batman-arkham-city,wintr7668,10
batman-arkham-city,it-is-arturo,6
trove,ojpaw,5
trove,casualproplayer,4
it-came-from-space-and-ate-our-brains,mercyofwhims,8
xenoblade-chronicles-2,videofuljoe,9
6180-the-moon,thefredobar,8
firewatch,themisir,7
firewatch,solarfluxx,9
firewatch,pavadedu,8
firewatch,artskull,8
firewatch,veorranordic,7
firewatch,casseith,9
firewatch,hollensworth29,10
firewatch,justlukas,7
firewatch,sighalot,9
firewatch,flussty,10
firewatch,dermonarchist,9
firewatch,mesm3r,9
firewatch,apokamix,8
firewatch,demadeee,10
firewatch,fluttershy-gg,9
firewatch,judgedredd35,6
firewatch,oliv-211,8
potato-flowers-in-full-bloom,kodabgames,10
the-first-tree,twobears79,9
the-first-tree,jonlaurence0911,5
the-first-tree,oliv-211,7
road-96-mile-0,griha24,9
in-other-waters,amsandor,8
state-of-mind,jan-sablatura,1
chaos-on-deponia,oliv-211,8
gravity-circuit,1slavboi,9
sludge-life,khajiitlinetosneak,7
unrailed,maxhack,8
star-wars-knights-of-the-old-republic,smurfas666,10
carto,oliv-211,8
carto,observerherb,9
townscaper,oliv-211,4
townscaper,justlukas,5
12-is-better-than-6,themediocritic,5
dredge,justaskingsomequestions,8
dredge,diogovalentte,10
dredge,nanabells,7
dredge,twobears79,8
american-fugitive,dannad11,6
lego-marvel-super-heroes,griha24,7
arcade-spirits,bugondesk,10
fashion-police-squad,griha24,8
